z6-02031,
z6-02143,
z6-02168,
z6-02033,
z6-01890,
z6-02176,
z6-01997,
z6-01978,
z6-05975,3/21/2020
z6-05984,3/21/2020
z6-05991,3/29/2020
z6-05973,3/29/2020
z6-05972,4/13/2020
z6-05982,4/13/2020
z6-02172,
z6-02008,
z6-02016,
z6-02039,
z6-02018,
z6-02181,
z6-05990,3/29/2020
z6-05987,3/29/2020
z6-05976,3/28/2020
z6-05974,3/28/2020
z6-05983,3/24/2020
z6-05979,3/24/2020
z6-05980,4/1/2020
z6-05988,3/31/2020
z6-06007,3/31/2020
z6-05992,3/25/2020
z6-06013,3/12/2020
z6-06004,3/12/2020
z6-06005,3/20/2020
z6-01897,3/20/2020
z6-01994,4/1/2020
z6-01891,4/1/2020
z6-05986,3/31/2020
z6-01684,3/31/2020
z6-02089,4/3/2020
z6-02046,4/3/2020
z6-02005,3/31/2020
z6-01882,3/31/2020
z6-01878,3/31/2020
z6-01955,4/15/2020
z6-01973,4/15/2020
z6-01887,4/15/2020
z6-01909,4/15/2020
z6-01966,4/13/2020
z6-01952,4/13/2020
z6-02030,4/4/2020
z6-01868,4/4/2020
z6-01859,4/4/2020
z6-01872,4/16/2020
z6-01905,4/16/2020
z6-02049,4/15/2020
z6-02050,4/15/2020
z6-05981,4/19/2020
z6-01951,4/19/2020
z6-05989,4/19/2020
z6-01884,4/19/2020
z6-01875,4/19/2020
z6-01911,4/24/2020
z6-02054,4/24/2020
z6-02038,4/21/2020
z6-01953,4/21/2020
z6-02048,4/22/2020
z6-01856,4/22/2020
z6-01883,4/25/2020
z6-01959,4/25/2020
z6-01965,4/26/2020
z6-02014,4/26/2020
z6-02042,4/25/2020
z6-02011,4/25/2020
z6-01954,4/27/2020
z6-01902,4/27/2020
5G117736,3/11/2020
5G129115,3/11/2020
5G117745,3/11/2020
5G0B0527,3/11/2020
5G0B0528,3/28/2020
5G105771,3/28/2020
5G0F5309,3/28/2020
5G105764,3/28/2020
z6-07227,4/25/2020
z6-01980,4/15/2020
z6-07161,4/15/2020
z6-07198,4/22/2020
z6-07234,4/22/2020
z6-07321,4/18/2020
z6-07303,4/18/2020
z6-07219,5/14/2020
z6-07199,5/14/2020
z6-07225,5/13/2020
z6-07230,5/13/2020
z6-07235,5/19/2020
z6-07218,5/19/2020
z6-07310,5/21/2020
z6-07226,5/21/2020
z6-07222,5/12/2020
z6-07202,5/12/2020
5G0F4672,5/13/2020
5G0C1377,
z6-07224,5/17/2020
z6-07197,5/17/2020
z6-07315,5/14/2020
z6-07304,5/13/2020
z6-07320,5/13/2020
z6-01906,6/7/2020
z6-07200,6/7/2020
z6-07313,5/12/2020
z6-07305,5/12/2020
z6-07314,5/23/2020
z6-07317,5/23/2020
z6-07324,6/10/2020
z6-06013,6/10/2020
z6-07316,5/22/2020
z6-07311,5/22/2020
5G129089,5/22/2020
z6-07203,5/31/2020
z6-02053,5/31/2020
z6-07309,5/31/2020
5G129131,6/13/2020
5G129122,5/23/2020
5G129448,5/23/2020
5G129123,5/23/2020
5G0C1569,5/23/2020
z6-07228,4/24/2020
z6-07201,4/24/2020
5G0F4673,4/24/2020
z6-07337,
z6-07306,6/15/2020
z6-07302,6/15/2020
z6-05983,
z6-06004,
5G105776,
5G0B0529,
z6-01873,3/6/2020
z6-01964,3/6/2020
5G129217,
5G106003,
5G105780,
5G118563,
z6-01893,3/7/2020
z6-03421,3/7/2020
z6-05963,3/7/2020
z6-02029,3/10/2020
z6-05964,3/10/2020
z6-01892,3/10/2020
z6-03441,3/15/2020
z6-03652,3/15/2020
5G105761,
5G105772,
5G105816,
5G105773,
5G105777,
5G129223,
z6-06001,3/17/2020
z6-05994,3/17/2020
z6-01918,3/28/2020
z6-05965,4/1/2020
z6-01888,
z6-06008,4/2/2020
z6-03542,4/2/2020
z6-01871,4/1/2020
z6-02027,4/1/2020
z6-06011,4/1/2020
z6-06010,3/31/2020
z6-06009,3/31/2020
z6-01894,3/21/2020
z6-02029,3/21/2020
z6-06006,2/25/2020
z6-05997,2/25/2020
z6-05977,3/2/2020
z6-05993,3/2/2020
z6-05968,3/28/2020
z6-06002,3/28/2020
5G118557,
5G105790,
z6-01956,4/4/2020
z6-06003,4/4/2020
z6-02032,4/3/2020
z6-02023,4/3/2020
z6-03653,
z6-02026,
5G118559,
5G129311,
z6-03545,4/15/2020
z6-01881,4/15/2020
z6-05995,4/16/2020
z6-02051,4/16/2020
z6-05978,3/31/2020
z6-05985,3/31/2020
5G117738,4/19/2020
5G0B0420,4/19/2020
5G0C1376,4/19/2020
5G105782,4/19/2020
z6-05999,4/20/2020
z6-06012,4/18/2020
z6-01867,4/17/2020
z6-03437,4/17/2020
z6-02019,4/17/2020
z6-01879,4/13/2020
z6-03547,4/13/2020
z6-02020,4/15/2020
z6-01860,4/15/2020
z6-01857,4/16/2020
z6-02025,4/16/2020
z6-03443,4/17/2020
z6-01862,4/17/2020
z6-02013,4/18/2020
z6-01683,4/18/2020
z6-03440,
"z6-03453",4/21/2020
z6-01995,4/21/2020
z6-05998,4/21/2020
z6-02024,4/21/2020
z6-03538,4/21/2020
z6-03422,3/28/2020
z6-01876,4/2/2020
z6-03436,4/16/2020
z6-01886,4/13/2020
z6-01970,4/13/2020
z6-01858,4/13/2020
z6-01889,4/13/2020
z6-01870,4/14/2020
z6-01880,4/14/2020
z6-01895,4/14/2020
z6-03419,4/14/2020
z6-01864,5/2/2020
z6-01877,5/2/2020
z6-01899,5/5/2020
z6-01904,5/5/2020
z6-03452,4/13/2020
z6-05996,4/13/2020
z6-01896,4/23/2020
z6-01910,4/17/2020
z6-01903,4/18/2020
z6-01885,4/14/2020
z6-03418,4/17/2020
z6-01901,4/16/2020
z6-07231,5/5/2020
z6-07297,5/3/2020
z6-07294,5/3/2020
z6-07279,5/3/2020
z6-01863,4/22/2020
z6-02178,4/22/2020
z6-02012,4/25/2020
z6-01861,4/25/2020
z6-07280,5/12/2020
z6-02040,5/12/2020
z6-01957,5/1/2020
z6-01917,5/1/2020
z6-07278,5/1/2020
z6-07272,5/1/2020
z6-07266,5/3/2020
z6-07271,5/3/2020
z6-07205,5/4/2020
z6-07150,
z6-02017,
z6-01907,
z6-07155,
z6-07154,
z6-07206,
z6-07151,
z6-02028,
z6-01898,
z6-01143,
z6-01945,
z6-03539,4/27/2020
z6-01992,4/27/2020
z6-07160,5/7/2020
z6-02015,5/7/2020
z6-07277,5/11/2020
z6-07163,5/9/2020
5G129189,4/26/2020
5G0B0416,4/26/2020
z6-07149,4/26/2020
5G106006,4/26/2020
5G129199,4/26/2020
5G129219,4/26/2020
5G129361,4/26/2020
5G129211,4/26/2020
z6-07262,5/16/2020
z6-07112,5/16/2020
z6-07168,3/6/2020
z6-07265,5/12/2020
z6-07217,5/12/2020
z6-07153,5/16/2020
z6-07276,5/16/2020
z6-07215,
z6-07204,
z6-07159,5/16/2020
z6-07261,5/16/2020
z6-07288,
z6-07156,
z6-07274,5/12/2020
z6-07269,5/12/2020
z6-07207,5/13/2020
z6-07170,5/13/2020
z6-07114,5/20/2020
z6-07111,5/21/2020
z6-07113,5/22/2020
z6-07171,5/19/2020
z6-07229,5/19/2020
z6-07157,5/22/2020
z6-07108,5/22/2020
z6-07152,5/14/2020
z6-07287,5/14/2020
z6-07164,
z6-07110,
z6-07166,
z6-07158,
z6-07223,
z6-01907,
z6-07155,
z6-07275,5/24/2020
z6-07165,5/25/2020
z6-07167,5/23/2020
z6-07263,5/21/2020
z6-07264,5/22/2020
z6-07273,5/21/2020
z6-07209,5/21/2020
z6-07211,
z6-07233,
z6-03447,
5G117744,5/12/2020
5G129212,5/12/2020
5G0C1380,5/12/2020
5G105781,5/12/2020
5G105817,5/12/2020
5G117740,5/12/2020
5G129309,5/12/2020
5G118562,5/12/2020
z6-07214,5/12/2020
z6-07208,5/12/2020
z6-01873,5/9/2020
z6-01944,4/26/2020
z6-07162,5/20/2020
z6-07221,5/20/2020
z6-07220,5/20/2020
z6-07270,5/20/2020
z6-07210,5/20/2020
z6-07267,5/20/2020
z6-07109,5/20/2020
z6-07216,5/20/2020
z6-02884,
z6-01453,
z6-03542,
z6-03653,